{
  "assetsByChunkName": {
    "vendors~app-account~app-checkout~app-confirmation~app-order": "chunk.557c57756af35382363f.js",
    "vendors~app-account~app-confirmation~app-order": "chunk.2d452226b798338e4e88.js",
    "vendors~app-account~app-checkout": "chunk.b6f46949f935552026f6.js",
    "admin": [
      "admin.3817ceb030b4acb1e554.js",
      "admin.3817ceb030b4acb1e554.js.map"
    ],
    "app-account": "chunk.5157077e13a7a4382f35.js",
    "app-confirmation": "chunk.2d4e4f5253be616bae5f.js",
    "app-order": "chunk.dcbccccc95e0cdaa8404.js",
    "checkout": [
      "checkout.6b2eabe939dcddfe638e.js",
      "checkout.6b2eabe939dcddfe638e.js.map"
    ],
    "storefront": [
      "storefront.8869088ee42990784628.css",
      "storefront.c5923e8064c9bafcfae3.js",
      "storefront.8869088ee42990784628.css.map",
      "storefront.c5923e8064c9bafcfae3.js.map"
    ],
    "vendors~app-cart": "chunk.eea4fbd4165ebea3a073.js",
    "vendors~app-checkout": "chunk.d6af348bcfa3ac423748.js"
  }
}