{
  "marketing_stripe": {
    "text": "",
    "link": ""
  },
  "contacts_stripe": {
    "pages": [],
    "phone_wpp": false,
    "socials": false
  },
  "categories_list": {
    "featured": [
      "/adaptadores/?Adaptadores",
      "/filtros-e-refis/?Filtros e Refis",
      "/torneiras/?TORNEIRAS",
      "/variadas/?Variadas",
      "/libell/?LIBELL",
      "/colormaq/?COLORMAQ",
      "/latina/?LATINA",
      "/ibbl/?IBBL",
      "/electrolux?ELECTROLUX"
    ],
    "random": 9,
    "full_width": true
  },
  "desktop_megamenu": true,
  "search_input": true,
  "alphabetical_order_submenu": false,
  "full_width_submenu": false
}