{
  "meta_title": "",
  "meta_description": "",
  "sections": [
    {
      "type": "banner-slider",
      "autoplay": 9000,
      "full_width": true,
      "slides": [
        {
          "img": "/img/uploads/diversas-torneiras.jpg",
          "link": "",
          "alt": "",
          "start": "2022-09-02T19:41:09.699Z",
          "end": "",
          "mobile_img": ""
        },
        {
          "start": "2022-09-02T19:41:27.916Z",
          "end": "",
          "img": "/img/uploads/diversos-adaptadores.jpg"
        },
        {
          "start": "2022-09-02T19:41:37.042Z",
          "end": "",
          "img": "/img/uploads/diversos-filtros.jpg"
        }
      ]
    },
    {
      "type": "info-bar",
      "enabled": true
    },
    {
      "type": "collection-shelf",
      "shuffle": true,
      "collection_id": null,
      "sort": "views",
      "title": "PRODUTOS EM DESTAQUE",
      "headless": false,
      "limit": 12,
      "page": 1
    },
    {
      "type": "brands-carousel",
      "limit": 24,
      "offset": 0
    }
  ]
}